[{
  "_id": {
    "$oid": "689345568e5c54c73851ce60"
  },
  "userId": {
    "$oid": "689341308e5c54c73851ce4e"
  },
  "orderDate": {
    "$date": "2025-08-05T14:15:00.000Z"
  },
  "status": "Processing",
  "products": [
    {
      "productId": {
        "$oid": "689341308e5c54c73851ce4e"
      },
      "name": "Apple iPhone 15",
      "quantity": 2,
      "price": 799.99
    },
    {
      "productId": {
        "$oid": "6893418c8e5c54c73851ce50"
      },
      "name": "Dell XPS 15",
      "quantity": 1,
      "price": 1399
    }
  ],
  "totalCost": 2998.98
}]