[{
  "_id": {
    "$oid": "689341308e5c54c73851ce4e"
  },
  "name": "Apple iPhone 15",
  "category": "Smartphones",
  "price": 799.99,
  "stock": 120,
  "attributes": {
    "color": "Black",
    "storage": "128GB",
    "brand": "Apple",
    "warranty": "1 Year"
  },
  "createdAt": {
    "$date": "2025-08-01T12:00:00.000Z"
  }
},
{
  "_id": {
    "$oid": "6893418c8e5c54c73851ce50"
  },
  "name": "Dell XPS 15",
  "category": "Laptops",
  "price": 1399,
  "stock": 20,
  "attributes": {
    "processor": "Intel i7",
    "ram": "16GB",
    "storage": "512GB SSD",
    "brand": "Dell"
  },
  "createdAt": {
    "$date": "2025-08-01T15:00:00.000Z"
  }
}]